cÃ¡i nÃ y hay vÃ  Ä‘áº¹p quÃ¡ nhÃ  Pensilia.	1
trá»™m vÃ­a tÃ³c nhanh dÃ i vÃ  khá»e láº¯m Pen Æ¡iii	1
Pensilia chi nhÃ¡nh Äá»“ng Nai:  Táº§ng lá»­ng TTC Plaza 53-55 VÃµ Thá»‹ SÃ¡u, TP. BiÃªn HÃ²a.	1
Sang-xá»‹n-má»‹n quÃ¡	1
Vá»«a Ä‘Æ°á»£c Ä‘i há»c vá»«a Ä‘Æ°á»£c lÃ m Ä‘áº¹p. SÆ°á»›ng nha ğŸŒ¸ğŸŒ¸â¤ï¸. HÃ¬nh hoa Ä‘Ã o Ä‘Ã¢u e? BÃªn Ä‘Ã³ Ä‘ang mÃ¹a hoa háº£?	1
Äáº¹p trai nha	1
QuÃ¡ chá»i Ä‘áº¹p rá»“iâ€¦coi chá»«ng tui ğŸ˜ŒğŸ˜†	1
Ä‘áº¹p troai vÃ£i	1
Äáº¹p  quÃ¡ em Æ¡i	1
á»™i xinh Ä‘áº¹p quÃ¡ Ä‘i anh mÃ¬nh Æ¡i	1
Wow BÃ¡c Viá»‡t Cá»‘ LÃªn	1
Lá»‹ch lÃ£m phong Ä‘á»™ báº£nh trai láº¯m chÃ¡u tui Æ¡i	1
"CÃ´ng nghá»‡ laser 3 tia Ä‘Æ°á»£c FDA chá»©ng nháº­n an toÃ n vÃ  hiá»‡u quáº£: 
https://www.accessdata.fda.gov/cdrh_docs/pdf20/K201594.pdf"	1
"HÃ¬nh áº£nh thá»±c táº¿ vá» cÆ¡ cháº¿ hoáº¡t Ä‘á»™ng cá»§a cÃ´ng nghá»‡ laser 3 tia: 
https://youtu.be/2Vdbl5cL3pM"	1
Vui quÃ¡ a Æ¡i	1
Clip bts nÃ y Ä‘áº¹p luÃ´n anh ui haahahha	1
Dá»… thÆ°Æ¡ng xá»‰u anh Æ¡i ğŸ¤­	1
Hiá»ƒuâ€¦ lÃ  khi cty cÃ³ Ã´ng sáº¿p mÃª tiktok ğŸ˜‚	1
hÃ¢hhaaa bs Tháº£o báº¯t trend dá»¯ quÃ¡ ağŸ˜†	1
BÃªn Ä‘Ã³ bá»‹ lÃ¢u á»i ha? ğŸ˜³ğŸ˜³ğŸ˜³	1
"CÃ´ng nghá»‡ Laser Äá»“ng Ä‘Ã£ Ä‘Æ°á»£c FDA chá»©ng nháº­n an toÃ n vÃ  hiá»‡u quáº£: 
https://www.accessdata.fda.gov/cdrh_docs/pdf2/k023899.pdf"	1
Dáº§m dáº§m sá»£ Ä‘á»• chÃ©n nÆ°á»›c cháº¥m quÃ¡ kaka	1
Cuong Ta a máº¥y gÃ³i nÃ¨	1
Hix	1
Ä‚n mÃ¬ tÃ´m mÃ  dáº±m trÃ¡i á»›t lÃ  Ä‘Ãºng bÃ i cá»§a tui trá»i Æ¡i. Nhá»©c nÃ¡ch.	1
Anh CÆ°á»ng hok Ä‘Æ°á»£c Ä‘á»ƒ Chá»‹ em Ä‚n Má»³ Tum!?!?! ThÆ°Æ¡ng Chá»‹ Cá»§a Em!!!	1
ğŸ˜ğŸ˜ğŸ¥°ğŸ¥°ğŸ¥°	1
ğŸ’‹ğŸ’‹ğŸ’‹ğŸ’‹	1
Halen Pham	1
âœ…	1
NhÃ¬n mÃ  muá»‘n Ä‘Ã¡i ra quáº§n!	1
Tuyá»‡t vá»i quÃ¡	1
2 â€œmáº«uâ€ cÃ³ bá»‹ lu má» bá»Ÿi cÃ¡c chiáº¿n tháº§n xá»‹n xÃ² khÃ´ng sáº¿p ğŸ˜‚	1
NhÃ¬n dÃ n mÃ¡y chá»‰ biáº¿t mÃª thÃ´i	1
QuÃ¡ tuyá»‡t vá»i	1
Bs lÃªn chÆ°Æ¡ng trÃ¬nh khuyáº¿n mÃ£i giÃ¡ sinh viÃªn Ä‘á»ƒ cÃ¡c báº¡n cÃ³ Ä‘iá»u kiá»‡n Ä‘áº¿n Ä‘iá»u trá»‹ Ä‘i bÃ¡c. Äang hÃ¨ nÃ¨ BÃ¡c , trong Ä‘Ã³ cÃ³ em ná»¯a hihi	1
â­â­â­â­â­	1
!	1
Yen Nhi Truong Tran Æ¡i cÃ¡i vÃ²ng trÃ²n cÃ´ng nghá»‡ mÃ¬nh Ä‘Ã¢u, em Ä‘iá»ƒm danh tá»«ng chi nhÃ¡nh vÃ  tá»«ng cÃ´ng nghá»‡ giÃºp anh nhÃ©. Clip nÃ y tá»‘t nÃ¨.	1
Clip nÃ y hay Ä‘Ã³, nhÆ°ng chÆ°a show háº¿t cÃ¡c cÃ´ng nghá»‡ cá»§a mÃ¬nh nhÃ©.	1
Pensilia quÃ¡ Ä‘á»‰nh vá» má»i thá»© luÃ´n.	1
ğŸ‘ğŸ‘ğŸ‘ğŸ‘ thÃ­ch quÃ¡ , Ä‘ag cÃ³ lá»‹ch tÃ¡i khÃ¡m ğŸ¥°ğŸ¥°ğŸ¥°	1
Ä‘Ãºng lÃ  ngÃ n hoa ğŸŒº	1
"CÃ´ng nghá»‡ laser 3 tia Ä‘Ã£ Ä‘Æ°á»£c FDA chá»©ng nháº­n an toÃ n: 
https://www.accessdata.fda.gov/cdrh_docs/pdf20/K201594.pdf"	1
Cháº¥t ngáº¥t quÃ¡ bs Tháº£o Æ¡iğŸ¥°	1
Tuyá»‡t vá»i quÃ¡ áº¡	1
!	1
Huhu lÃ m cÃ¡i sylfirm Ä‘áº¹p mÃ  Ä‘au muá»‘n xÄ©u ğŸ˜­ğŸ˜­ğŸ˜­ má»—i láº§n lÃ m lÃ  e khÃ³c háº¿t máº¥y dÃ²ng sÃ´ng , chá»‰ gá»Ÿ gáº¡t dc 1 Ä‘iá»u lÃ  vá»«a dá»©t kim Ä‘áº¯p mask phÃ¡t lÃ  bt luÃ´n ko cÃ²n Ä‘au dai dáºµng nhÆ° lÃ m lÄƒn kim	1
QuÃ¡ tuyá»‡t vá»i.	1
Nay cÃ³ mÃ¡y chiáº¿u ná»¯a háº£ bÃ¡c- máº¥y láº§n trÆ°á»›c em lÃ m xong chá»‰ Ä‘áº¯p máº·t náº¡.ğŸ˜ğŸ˜ğŸ˜	1
YÃªu nháº¥t cáº·p Ä‘Ã´i hoÃ n háº£o nÃ y.	1
ChÃºc bÃ¡c sÄ© vá»›i chuyáº¿n du lá»‹ch trá»i TÃ¢y vui váº»!	1
ChÃºc má»«ng cáº·p Ä‘Ã´i hoÃ n háº£o	1
Chá»‹ tÆ°á»Ÿng cáº­p Ä‘Ã´i tráº»  nÃ o khÃ´ng Ã¡	1
BÃ¡c sá»¹ teen quÃ¡ áº¡	1
ğŸ˜	1
Cáº·p Ä‘Ã´i hoÃ n háº£o	1
quay xong, nay trá»i mÆ°a giÃ³ cáº£ ngÃ y luÃ´n	1
Giáº£m cÃ¢n an toÃ n	1
Giáº£m cÃ¢n nhanh	1
Giáº£m cÃ¢n an toÃ n	1
NgÃ y quÃ¡ mÆ°a quÃ¡ giÃ³	1
YÃªu wa em	1
E SHOWğŸ¦‹ğŸ‘‰ rebrand.ly/ev9wj81	1
E SHOWğŸ¦‹ğŸ‘‰ rebrand.ly/bzavsas	1
Bá»‹ váº­y lÃ¢u rá»“i ha ğŸ˜¢ğŸ˜¢ğŸ˜¢	1
Bá»¯a nÃ o cho khÃ¡ch tham hia kÃ© ná»¯a nha c	1
nhá» VÃµ Má»¹ Hiá»‡p quáº£n lÃ½ láº¯c nháº£y sung dá»¯ luÃ´n ta Æ°iğŸ˜‚ğŸ˜‚ğŸ˜‚	1
U lÃ  chÃ i ğŸ¤£ hÃ¨n chi chiá»u nghe nháº¡c	1
Nay theo trend top top dá»¯ ha bÃ¡c sá»¹ :))	1
Hay tháº¿, chá»‹ xem máº¥y láº§n váº«n thÃ­chğŸ˜	1
Kkkk bá»­a nay T há»“i teen quÃ¡ thá»ƒ	1
Nay em nhon hÃ¨	1
Sao tao tháº¥y m cÄƒng tháº³ng dá»‹ ğŸ˜…	1
BiÃªn HoÃ  lÃ m khÃ´ng láº¡i nhağŸ˜	1
Dá»… thÆ°Æ¡ng quÃ¡	1
CÆ°ng ghÃª Chá»‹ ui!!!	1
Ã”i dá»… thÆ°Æ¡ng quÃ¡, e cÆ°á»i sáº·c sá»¥a luÃ´n chá»‹ oie ğŸ˜…ğŸ˜…ğŸ˜…	1
No 1	1
Chá»§ tá»‹ch Ä‘Ã¢u sao ko má»i nháº£y chung chá»‹ğŸ˜†	1
Sao chá»‹ ko rá»§ anh chá»§ tá»‹ch vÃ o nháº£y cÃ¹ng?	1
De thÆ°Æ¡ng quÃ¡ ne	1
Thiáº¿t nghÄ© nÃªn Ä‘áº§u tÆ° thuÃª tháº§y Huá»³nh Trung Hiáº¿u vá» lÃªn bÃ i táº­p nháº£y nha nha..ğŸ¤£ğŸ¤£ğŸ¤£ğŸ˜›ğŸ˜›	1
Äá»©c Thiá»‡n	1
BÃ¡c sÄ© dá»… thÆ°Æ¡ng quÃ¡ áº¡	1
bs Ä‘Ã´ con nháº¥t, mÃ  nháº£y khÃ­ thÃªd nháº¥t Ä‘Ãºng cháº¥t vt	1
Huá»³nh Trung Hiáº¿u phá»¥ Ä‘áº¡o láº¡i Ä‘i. Haha	1
Sá»‘p dá»… thÆ°Æ¡ng quÃ¡ bs Æ¡i~ cháº¯c ko sá»‘p nÃ o lÃ m láº¡i Pensilia ğŸ˜†	1
khÃ´ng tháº¥y cáº£nh tá»•ng tÃ i xoÃ£ váº­y anh?	1
ChÆ¡i dá»¯ luÃ´n ta, váº­y má»›i vui	1
Hoang dáº¡i quÃ¡ anh :))))	1
Pensilia luÃ´n nÄƒng lÆ°á»£ng, nhiá»‡t huyáº¿t	1
"quÃ¡ xá»‹n sÃ²
chÃºc Pensilia ngÃ y cÃ ng phÃ¡t triá»ƒn vá»¯ng máº¡nh"	1
Team Pensilia tráº» vÃ  xung sá»©c quÃ¡ Ä‘a :)	1
VÅ© Ä‘iá»‡u lÃ ng lÃ¡ nÃ y láº¡ quÃ¡ ğŸ˜‚	1
Bs máº·c bá»™ nÃ y Ä‘áº¹p quÃ¡ nha	1
â¤ï¸â¤ï¸â¤ï¸	1
Chá»‹ Tháº£o MÃ£i Äá»‰nh!! ğŸ¤©ğŸ¤©ğŸ¤©	1
Bs Ä‘i nÆ°á»›c ngoÃ i suá»‘t thichd tháº·c	1
BÃ¡c Tháº£o  cáº­p nháº­t  nhiá»u ká»¹ thuáº­t má»›i vá» lÃ m Ä‘áº¹p cho cÃ¡c chá»‹ em VN ! Cho ai cÅ©ng Ä‘áº¹p giá»‘ng BS nha!!!	1
BÃ¡c Tháº£o Ä‘i há»c nÃªn hÃ´m nay tá»›i ko tháº¥y bÃ¡c Tháº£oğŸ˜	1
"Äi nhanh rá»“i vá» em Æ¡i
Bao ngÆ°á»i Ä‘ang Ä‘á»£i"	1
Æ¯á»›c gÃ¬ nÄƒm má»›i bÃ¡c cÃ³ liá»‡u trÃ¬nh trá»‹ nÃ¡m cho ngÆ°á»i thu nháº­p tháº¥p hihi	1
Bs Æ¡i. Nhanh vá» Ä‘á»ƒ ce Ä‘c Æ°u Ä‘Ã£i nhÃ©	1
Xinh gÃ¡i quÃ¡ nha em	1
â¤ï¸ğŸ¥°	1
ğŸ‘	1
"Äá»ƒ biáº¿t thÃªm vá» thÃ´ng tin chi tiáº¿t cÃ¡c cÃ´ng nghá»‡ táº¡i Pensilia, liÃªn há»‡ trá»±c tiáº¿p qua hotline 032.6666.247 hoáº·c (0251).381.9666 
----------------------
Pensilia Äá»“ng Nai: Táº§ng lá»­ng TTC Plaza 53-55 VÃµ Thá»‹ SÃ¡u, TP. BiÃªn HÃ²a."	1
Xinh quÃ¡ ğŸ˜ğŸ˜ğŸ˜	1
Ä‘á» rá»±c ná»•i báº­t luÃ´n nÃ¨!	1
QuÃ¡ xÃ¡ rá»™n rÃ ng rá»“i ğŸ‰	1
rá»™n rÃ ng táº¿t quÃ¡ Ã !!!	1
Dá»¯ dzay sao haha	1
Dá»… thÆ°Æ¡ng dá»¯ luÃ´n Ã¡ ğŸ’•	1
2 Ä‘áº¹p nhÆ° tiÃªn	1
ChÃºc BÃ¡c SÄ© khai trÆ°Æ¡ng Há»“ng phÃ¡t!	1
ChÃºc bÃ¡c khai trÆ°Æ¡ng há»“ng phÃ¡t	1
ChÃºc bs khai trÆ°Æ¡ng há»“ng phÃ¡t áº¡â¤â¤â¤	1
ChÃºc bs khai trÆ°Æ¡ng há»“ng phÃ¡t.	1
ChÃºc khai trÆ°Æ¡ng há»“ng phÃ¡t áº¡h!!!	1
ChÃºc em khai trÆ°Æ¡ng Há»“ng phÃ¡t nhÃ©	1
ChÃºc BÃ¡c Tháº£o khai trÆ°Æ¡ng Há»“ng phÃ¡t!	1
ChÃºc BÃ¡c khai trÆ°Æ¡ng há»“ng phÃ¡t	1
ChÃºc  BÃ¡c  khai trÆ°Æ¡ng  há»“ng  phÃ¡t	1
â¤ï¸â¤ï¸â¤ï¸	1
ğŸ’“ğŸ’“ğŸ’“ğŸ’“ğŸ’“	1
iu wa nÃ¨. LÃ¬ xÃ¬ anh nha !	1
Em chuc BS khai truong há»“ng há»“ng phÃ¡t  phÃ¡t.thuáº­n buom xuÃ´i giÃ³ suá»‘t nÄƒm BS nhÃ© ğŸ‘ğŸ‰ğŸ‰ğŸ‰ğŸ‰ğŸ‰ğŸ‰	1
Chuc Bac khai truong phat tai phat loc	1
ChÃºc Khai TrÆ°Æ¡ng Há»“ng PhÃ¡t áº¡h	1
Vui quÃ¡ sáº¿p Æ¡i. Nhá»› Pensilia quÃ¡ áº¡	1
BÃªn anh nhiá»u hot gÆ¡ váº­y mÃ  sao máº¥y láº§n em qua khÃ´ng tháº¥y anh ğŸ¤£	1
Thich cÃ¡ch tráº£ lá»i cá»§a BÃ¡c sÄ©...	1
Sao giá»‘ng Anh CÆ°á»ng tÃ¡n láº¡i Chá»‹ dáº­y!!! MÃ  Chá»‹ Tui thÃ¬ Oh la la!!!! MÃ£i yÃªu!!	1
ğŸ’ğŸ¤­ğŸ’ğŸ¤­	1
Da nhÃ¬n mÃª luÃ´n eğŸ¥°ğŸ¥°ğŸ¥°	1
Tskin- mÃ¡y lÃ m Ä‘áº¹p used&new. ChÃºc cÃ¡c báº¡n 1 ngÃ y an lÃ nh.	1
Da cÄƒng bÃ³ng ko tÃ¬ váº¿t, mÃª quÃ¡ Ã .	1
QuÃ¡ má»ng, quÃ¡ tÆ°Æ¡i	1
CÃ ng ngÃ y cÃ ng Ä‘áº¹p váº­y báº¡n Æ¡i	1
Äáº¹p tuyá»‡t vá»i nghe báº¡n mÃ¬nh	1
ÄÃ¢y má»›i gá»i lÃ  da tháº­t nÃ¨. E cho ÄÃ´ng cÃ¡i clip nÃ y Ä‘i Hiá»‡p	1
NgonğŸ˜‹	1
MÃª quÃ¡ c Æ¡iiii. Em Pan xin vÃ­a nÃ aa	1
trá»™m zÃ­a, xin zÃ­a cÃ¡i da lÃ¡ng o Ä‘i	1
QuÃ¡ Ä‘áº¹p luÃ´n!	1
Äáº¹p gÃ¡i quÃ¡ Ã 	1
ÄÃ£ Ä‘áº¹p nay láº¡i Ä‘áº¹p hÆ¡n	1
MÃª quÃ¡ trá»i Æ¡i, tui cÅ©ng muá»‘n huhuhu.	1
Da Ä‘áº¹p quÃ¡ máº¹ H ui	1
Ä‘áº¹p quÃ¡ e, cho c xin Ä‘á»‹a chá»‰ nha	1
Da Ä‘áº¹p mÃª chá»‹ Æ¡i	1
Æ¯á»›c gÃ¬ á»Ÿ gáº§n báº¡n tui nha	1
Trá»™m vÃ­a! Trá»™m vÃ­a!	1
100 Ä‘iá»ƒm khÃ´ng cÃ³ nhÆ°ng sáº³n tiá»‡n cho em há»i da nÃ o tiÃªm cÅ©ng Ä‘c hay sao chá»‹ uiiii :))))))	1
ğŸ˜ğŸ˜ğŸ˜	1
MÃ£i iu má»i ngÆ°á»i â¤ï¸â¤ï¸â¤ï¸	1
Giáº£m cÃ¢n nhanh	1
Giáº£m cÃ¢n an toÃ n	1
#botthiennhienthuanthai	1
Happy new year to all of you	1
ChÃºc Bs cÃ¹ng toÃ n thá»ƒ nhÃ¢n viÃªn Pensilia nÄƒm má»›i vui ,khoáº» ,an khang thá»‹nh  vÆ°á»£ng ,phÃ¡t tÃ i ,phÃ¡t lá»™c ,cÃ³ nhiá»u khÃ¡ch hÃ ng hÆ¡n ,Pensilia ngÃ y cÃ ng lá»›n máº¡nh hÆ¡n	1
Happy new year Pensillia ğŸ˜š	1
CÃ¡c bs nhÃ¢n viÃªn Pensilia ai cÅ©ng Ä‘áº¹p. DÃª thÆ°Æ¡ng quÃ¡ chá»«ng. ChÃºc há»‡ thá»‘ng Pensilia. NÄƒm má»›i dá»“i dÃ o sá»©c khá»e. An khang Thá»‹nh vÆ°á»£ng Van sá»± nhÆ° Ã½ vÃ  cÃ ng ngÃ y cÃ ng phÃ¡t triá»ƒn máº¡nh máº½ hÆ¡n	1
ChÃºc Team Pensilia nÄƒm má»›i váº¡n sá»± nhÆ° Ã½  - thÃ nh cÃ´ng rá»±c rá»¡!!!	1
ChÃºc bÃ¡c Tháº£o vÃ  team luÃ´n cÃ³ sá»©c khoáº» tá»‘t, tráº» Ä‘áº¹p vÃ  háº¡nh phÃºc nha!	1
PhÃ¡o hoa Ä‘áº¹p quÃ¡ Chá»‹ hihi!! Team nhÃ¢n Sá»± so Ä‘áº¹p!!!	1
ChÃºc con má»™t nÄƒm má»›i nhiá»u sá»©c khá»e, tráº» trung xinh Ä‘áº¹p vÃ  Pensilia lÃ m Äƒn phÃ¡t tÃ i phÃ¡t lá»™c vÃ  luÃ´n Ä‘Æ°á»£c nhiá»u khÃ¡ch hÃ ng tin yÃªu.	1
ChÃºc má»«ng nÄƒm má»›i em vÃ  gÄ‘ ğŸ’ğŸ’	1
Pensilia is so Proâ¤ï¸â¤ï¸â¤ï¸	1
ChÃºc c Tháº£o vÃ  Ä‘áº¡i gia Ä‘Ã¬nh Pensilia nÄƒm má»›i tháº­t nhiá»u sá»©c khoáº» vÃ  Ä‘áº¡t doanh thu lá»£i nhuáº­ khá»§ng trong nÄƒm nay ğŸŠğŸŠğŸŠ	1
ChÃºc bÃ¡c Tháº£o nÄƒm má»›i thÃ nh cÃ´ng vÃ  háº¡nh phÃºc hÆ¡n ná»¯a	1
Hay nha!	1
chÃ­nh xÃ¡ccc áº¡ kkk	1
Xin há»i pk mÃ¬nh cÃ³ trá»‹ thÃ¢m nÃ¡ch ko áº¡h?	1
KhÃ´ng liÃªn quan Ä‘áº¿n da cho em há»i bÃªn mÃ¬nh cÃ³ Ä‘iá»u trá»‹ rá»¥ng tÃ³c khÃ´ng áº¡?	1
Sao ko tháº¥y chá»§ tá»‹ch lÃªn sÃ n váº­y. Lo lÃ m camera man háº£.	1
Nguyen Phuong Thao nháº£y sung quÃ¡ vui ghÃª, cÃ²n anh Ä‘Ã¢u Cuong Ta ?	1
Khi sáº¿p lá»›n lÃªn quáº©y	1
CÃ³ Ä‘iá»‡u nháº£y lÃ ng lÃ¡ ná»¯a háº£ anh hahaha	1
ğŸ¥°ğŸ¥°ğŸ¥°ğŸ¥°ğŸ¥°	1
QuÃ  Ä‘áº§u nÄƒm	1
"CÃ´ng nghá»‡ TÃ¡i táº¡o mÃ ng Ä‘Ã¡y Ä‘Ã£ Ä‘Æ°á»£c FDA chá»©ng nháº­n an toÃ n: 
https://www.accessdata.fda.gov/cdrh_docs/pdf20/K200185.pdf 
https://www.accessdata.fda.gov/cdrh_docs/pdf20/K200185.pdf"	1
Chi phÃ­ tháº¿ nÃ o áº¡ .	1
xin chÃ o	1
....	1
Xuáº¥t sáº¯c nha	1
Dáº¡ Ä‘Ãºng rá»“i anh. Em biáº¿t thiáº¿u gÃ¬ rá»“i Ä‘Ã³ nha	1
Xá»‹n xÃ² quÃ¡ . ThÃªm nÃ³n báº£o hiá»ƒm ná»¯a cho Ä‘á»§ bá»™ lun Bs Nguyen Phuong Thao Æ¡i .	1
Let's go	1
Máº¹ con em Ä‘ang chá» quÃ  vá» tá»« hÃ´m áº¥y	1
ğŸ’–	1
Con chá» Ã¡o mÆ°a	1
Ãši Ä‘Ã£ quÃ¡! ChÆ°a há»¯u duyÃªn Ä‘áº¿n Pen Ä‘Æ°á»£c hix. Pen bÃ¡n Ã¡o mÆ°a Ä‘i Pen Æ¡i!	1
LÃ m thÃªm Ã¡o khoÃ¡c tri Ã¢n khÃ¡ch hÃ ng Ä‘i bs Tháº£o Æ¡i	1
Tuyá»‡t vá»i quÃ¡.	1
ChÃ³i quÃ¡ chÃ³i nha cháº¿	1
ChÃºc bs cÃ³ 1 ngÃ y 20/10 Ã½ nghÄ©a trá»n váº¹n	1
ğŸ¥°	1
Bs Tháº£o chÆ°a bay háº£?	1
Báº£ Ä‘áº¹p gÃ¡i ghÃª anh ui	1
Trá»i mÃ¡t mÃ¡t Ä‘i chÆ¡i láº¡i nha Mi	1
GÃ¬ mÃ  quay con gÃ¡i cÃ³ chÃºt xÃ­u mÃ  quay máº·t ba ko váº­y?	1
ThÃ¡i Lan ah anh ?	1
ChÃºc BÃ¡c SÄ© khai xuÃ¢n Há»“ng phÃ¡t.	1
ğŸ˜˜ğŸ˜˜ğŸ˜˜ğŸ˜˜ğŸ˜˜ğŸ˜˜	1
Loan Phuong	1
"Äá»ƒ biáº¿t thÃªm thÃ´ng tin liÃªn há»‡ ngay vá»›i Pensilia qua hotline CSKH 0938.777.885
----------------------
â€¢ Pensilia Há»“ ChÃ­ Minh: 413 - 415 Nguyá»…n ÄÃ¬nh Chiá»ƒu, PhÆ°á»ng 5, Quáº­n 3, TP.HCM - 0924.777.885
â€¢ Pensilia Äá»“ng Nai: Táº§ng lá»­ng TTC Plaza 53-55 VÃµ Thá»‹ SÃ¡u, TP.BiÃªn HÃ²a - 032.6666.247
â€¢ Pensilia VÅ©ng TÃ u: 187 LÃª Lá»£i, PhÆ°á»ng Tháº¯ng NhÃ¬, TP.VÅ©ng TÃ u - 034.5555.247
â€¢ Website: https://pensilia.com/"	1
hÃ­ hÃ­ pháº£i qua lÃ m Ä‘áº¹p liá»n Ä‘á»ƒ há»‘t mÃ­ áº»m má»›i Ä‘Æ°á»£c ğŸ¥°	1
xinh Ä‘áº¹p nÃ¨ğŸ˜	1
Nhanh qua nháº­n quÃ  .	1
QuÃ  xá»‹n quá»›	1
e cÃ³ lÃ m má»¥n bÃªn mÃ¬nh thÃ¬ cÃ³ Ä‘Æ°á»£c táº·ng khÃ´ng áº¡	1
T Tháº£o TrÃ¢m	1
ChÃºc má»«ng báº¡n cÃ³ tÃªn facebook Le Oanh https://www.facebook.com/lekieuoanh.qttm lÃ  ngÆ°á»i may máº¯n nháº­n quÃ  lÃ  1 suáº¥t tiÃªm sÄƒn cháº¯c da trá»‹ giÃ¡ 15 triá»‡u trong livestream nÃ y nhÃ©. Inbox page Ä‘á»ƒ xáº¿p lá»‹ch háº¹n sá»›m â¤	1
Xin tháº§n linh hÃ£y quay trÃºng tÃªn FB Le Oanh	1
ChÃ o bÃ¡c sÄ©	1
chÃ o bÃ¡c sÄ©	1
Chau Nguyen	1
Helo bs Tháº£o	1
â­â­â­â­â­	1
â­â­â­â­â­	1
ğŸ’ğŸ’•â¤ï¸ğŸŒ¹ğŸ‘ğŸ»	1
xin vÃ­a Ä‘Æ°á»£c quÃ  tá»« BS Tháº£o <3	1
Táº¡m biá»‡t bÃ¡c sá»¹	1
So sÃ¡nh giá»¯a cÄƒng chá»‰ vÃ  hifu thÃ¬ nÃªn lÃ m cÃ¡i nÃ o áº¡?	1
QuÃ  táº·ng khá»§ng quÃ¡ BÃ¡c Æ¡i ğŸ˜	1
Trá»¥ sá»Ÿ nhÃ  Pensilia ráº¥t ok: rá»™ng - thoÃ¡ng - Ä‘áº¹p - cháº¥t lÆ°á»£ng cao nÃ¨!	1
BÃ¡c sÄ© Äƒn tá»‘i chÆ°a áº¡?	1
quÃ  VIP quÃ¡ Bs	1
E muá»‘n Ä‘c nháº­n quÃ  bs Æ¡i	1
Em cÅ©ng muá»‘n nháº­n quÃ 	1
QuÃ  táº·ng háº¥p dáº«n quÃ¡ bs Tháº£o Æ¡i	1
Háº¿ lÃ´ bÃ¡c Tháº£o!	1
Helo bs	1
Em hi vá»ng nháº­n quÃ  táº·ng cá»§a bÃ¡c sÄ©.	1
ChÃ o bs	1
Äang chá» may máº¯n tá»« bs	1
ChÃ o bsi	1
E chÃ o bs	1
QuÃ  táº·ng háº¥p dáº«n qa bs oi	1
Cáº£m Æ¡n c	1
Em cÅ©ng muá»‘n Nháº­n qÃ  bs	1
Hello bÃ¡c sÄ© ğŸ‘©â€âš•ï¸	1
E chÃ o bÃ¡c sÄ©	1
xin vÃ­a Ä‘Æ°á»£c quÃ  tá»« BS Tháº£o â¤	1
Ráº¥t mong nháº­n Ä‘Æ°á»£c pháº§n quÃ  cá»§a bs áº¡	1
Mong muá»‘n nháº­n Ä‘Æ°á»£c quÃ  cá»§a bÃ¡c sá»¹! â¤ï¸	1
Em ráº¥t mong Ä‘Æ°á»£c may máº¯n tá»« bÃ¡c	1
Bs Æ¡i hÃ£y gá»i tÃªn em <3	1
Bs Æ¡i ngÃ y mai Bs cÃ³ lÃ m viá»‡c bÃªn cÆ¡ sá»Ÿ nÃ o váº­y áº¡	1
Dáº  em chÃ o Bs <3	1
ğŸ˜	1
ğŸ˜	1
hi vá»ng may máº¯n áº¡	1
CÄƒng chá»‰ má»©c phÃ­ bn BÃ¡c	1
ğŸ˜ğŸ˜ğŸ˜	1
CÄƒng chá»‰ Ä‘au láº¯m ko BÃ¡c	1
Bá»¯a giá» mÃ¬nh Ä‘ang quan tÃ¢m cÃ¡c bÃ i nÃ³i cá»§a bs vá» da	1
ChÃ o bs, bÃªn c cÃ³ tráº» hoÃ¡ da báº±ng lÄƒn kim ko áº¡	1
C Æ¡i giá»¯a trÃ¡n e cÃ³ 1 vá»‡t nhÄƒn gÃ¢y lÃµm chá»— áº¥n Ä‘Æ°á»ng giá»¯a 2 lÃ´ng mÃ y thÃ¬ e nÃªn dÃ¹ng phÆ°Æ¡ng phÃ¡p nÃ o áº¡	1
Dáº¡ bÃ¡c sÄ© Æ¡i, e tiÃªm nÃ¡m da hÆ¡i khÃ´ xÃ­u thÃ¬ cÃ³ sao k áº¡	1
Trang Hoang	1
E muá»‘n Ä‘Æ°á»£c nháº­n quÃ  táº·ng áº¡	1
ğŸ˜ğŸ˜ğŸ˜ğŸ˜	1
Bs lÃ m combo luÃ´n, mai má»‘t Ä‘áº¹p háº¿t sá»©c Ä‘áº¹p. ÄÃ£ Ä‘áº¹p cÃ²n Ä‘áº¹p hÆ¡n nÃ¨	1
ğŸ¥°ğŸ¥°ğŸ¥°	1
Nhá»› táº­p Ä‘á»u lÃ  Ä‘c. Haha	1
ThÃ­ch máº§n Dance, mÃ  máº¹ báº¯t máº§n BS, kkk	1
Choy Æ¡i cháº¯c xin 1 slot qua Ä‘Ã³ nháº£y quÃ¡ Chá»‹ kakaka	1
mÃª quÃ¡ Ä‘i	1
mlem mlem	1
"CÃ´ng nghá»‡ Laser Ä‘á»“ng Ã¡nh sÃ¡ng kÃ©p Ä‘Æ°á»£c FDA chá»©ng nháº­n:  
- Äiá»u trá»‹ nÃ¡m, Ä‘á» da 
- Äiá»u trá»‹ má»¥n 
- Báº­t tÃ´ng da, tráº¯ng sÃ¡ng 
- VÃ  cÃ¡c bá»‡nh lÃ½ vá» da
https://www.accessdata.fda.gov/cdrh_docs/pdf2/k023899.pdf"	1
"Link nhÃ  sáº£n xuáº¥t: 
https://norseld.com/norseld-medical-lasers/patients-m-l/"	1
gg	1
"CÃ´ng nghá»‡ nÃ¢ng cÆ¡ tráº» hÃ³a Ä‘Æ°á»£c FDA chá»©ng nháº­n an toÃ n : 
https://www.accessdata.fda.gov/cdrh_docs/pdf13/k132431.pdf"	1
Oi sao bÃªn Ä‘Ã¢y chá»‹ tÄƒng sao dc nÃ¨	1
ÄÄƒng kÃ½ thÄƒm khÃ¡m chá»¥p phim cÃ¹ng Elite Dental vá»›i nhiá»u Æ°u Ä‘Ã£i háº¥p dáº«n táº¡o link:https://forms.gle/AbKSAnpsL5MYEhHa8	1
Há»“ng PhÆ°á»£ng chá»‹ Æ¡i	1
Nguyá»…n Linh PhÆ°Æ¡ng	1
Kháº©u trang e xin giÃ¡ c Æ¡i	1
káº¿t quáº£ tá»‘t quÃ¡ nÃ¨.	1
Pen Hair giÃ¡ sao váº­y Bs	1
Nhung Nguyá»…n	1
â¤ï¸â¤ï¸â¤ï¸	1
Cho chá»‹ loáº¡i nÃ y cho con gÃ¡i e nha! Cáº£m Æ¡n eğŸ˜	1
gg	1
ğŸ¥°ğŸ¥°ğŸ¥°ğŸ¥°	1
ChÃ o bÃ¡c Tháº£o !	1
Mong nháº­n Ä‘Æ°á»£c quÃ  cá»§a bs áº¡	1
ChÃ o BÃ¡c	1
Sau laser pico da bá»‹ tÄƒng sáº¯c tá»‘ thÃ¬ dÃ¹ng sáº£n pháº©m gÃ¬ áº¡?	1
E Ä‘i spa, da ko chÄƒm sÃ³c nhÆ°ng ko nÃ¡m, thÃ¬nh thoáº£ng cÃ³ vÃ i má»¥n áº©n nhá» mÃ  há» dá»a lÃ  e bá»‹ vi khuáº©n dermoded, Ã©p e lÄƒn kim, vá»«a Ä‘au vá»«a tá»‘n tiá»n	1
PhÃ­ báº¯n mau mach trÃªn máº·t bn váº­y bs?	1
Em bá»‹ u máº¡ch mÃ¡u gan rá»‘i loáº¡n lo Ã¢u trá»‹ nÃ¡m cÃ³ dá»… tÃ¡i phÃ¡t ko BÃ¡c.	1
Duy trÃ¬ dc bao lÃ¢u váº­y bÃ¡c?	1
Mai chá»‹ láº¡i Ä‘Æ°á»£c gáº·p bs Tháº£o ná»¯a nÃ¨	1
Mai chá»‹ Ä‘i tÃ¡i khÃ¡m	1
Hifu bÃ³ng da so vá»›i meso thÃ¬ tháº¿ nÃ o bs	1
NÃ³ quáº£ng cÃ¡o Ä‘á»ƒ lá»«a khÃ¡ch Ã¡ bs. Khi vÃ o nÃ³ váº½ nhiá»u thá»© láº¯m, hÆ¡n chi phÃ­ 40 50tr ráº¥t nhiá»u.	1
Nay Bs live nhiá»u máº¯t xem quÃ¡ trá»i	1
Tuáº§n  trÆ°á»›c  em háº¹n  bs mÃ  khÃ´ng  Ä‘Æ°á»£c  gáº·p, em má»›i  tiÃªm  nÃ¡m vá»›i  Ä‘i laze Ä‘á»“ng bÃªn  bÃ¡c.	1
â¤ï¸â¤ï¸â¤ï¸â¤ï¸â¤ï¸	1
C Æ¡i , bao giá» c má»Ÿ phÃ²ng khÃ¡m ngoÃ i Báº¯c áº¡	1
TiÃªm filler cáº±m giá»¯ Ä‘Æ°á»£c khoáº£n bao lÃ¢u áº¡	1
BÃ¡c Æ¡i lÃ m laser co2 vÃ  sylfirm cÃ¡ch thÃ¡ng thÃ¬ tiÃªm Ha cÄƒng bÃ³ng Ä‘Æ°á»£c k áº¡	1
E á»Ÿ HÃ  nam, muá»‘n Ä‘Æ°á»£c thÄƒm khÃ¡m bÃªn c mÃ  khÃ³ quÃ¡	1
Mong nhan duoc qua dieu tri nam	1
...	1
dáº¡ em chÃ o bÃ¡c sÄ©	1
mong Ä‘Æ°á»£c nháº­n quÃ  cá»§a bs áº¡	1
Báº¯n 1.2 láº§n Ä‘áº§u se Ä‘áº­m lÃªn. Äáº¿n máº¥y láº§n sau má»›i giáº£m dáº§n pháº£i ko BÃ¡c	1
Mong Ä‘Æ°á»£c nháº­n quÃ  táº·ng Ä‘iá»u trá»‹ nÃ¡m cá»§a Pensilia!	1
ChÃ o bs áº¡	1
Bac sÄ© oi em rat muon gap bac si de chua nam , bac si co kham online khong a. Lan truoc em ve ma dung lÃºc bac si sang PhÃ¡p tu há»c	1
Khi Ä‘áº¿n phÃ²ng khÃ¡m thÃ¬ bs sáº½ trá»±c tiáº¿p khÃ¡m vÃ  Ä‘iá»u trá»‹ áº¡. Hay nhiá»u bs khÃ¡c nhau áº¡.	1
Em chÃ o bs! Em ráº¥t mong Ä‘Æ°á»£c nháº­n quÃ 	1
GiÃ¡ tiÃªm filler cáº±m giÃ¡ khoáº£ng bao nhiÃªu áº¡ BS	1
Em mong Ä‘Æ°á»£c nháº­n quÃ  cá»§a bs	1
Bs Ä‘iá»u trá»‹ da liá»…u ráº¥t hiá»‡u quáº£ luÃ´n. Vá» sáº¯c tá»‘, vá» sáº¹o, chÃ m tráº» em.ğŸ˜ğŸ˜ğŸ˜	1
CÃ¡m Æ¡n BÃ¡c â¤ï¸	1
Mong nháº­n Ä‘Æ°á»£c quÃ  táº·ng Ä‘iá»u trá»‹ nÃ¡m cá»§a pensilia	1
BÃ¡c Æ¡i, mÃ¡y soi da cÃ³ phÃ¡t hiá»‡n Ä‘Æ°á»£c da sáº½ bá»‹ nÃ¡m trong tÆ°Æ¡ng lai k áº¡ â¤ï¸	1
mong Ä‘Æ°á»£c 1 láº§n gáº·p bs	1
mong Ä‘Æ°á»£c nháº­n quÃ  cá»§a bs áº¡	1
BÃ¡c Æ¡i. Em tÆ° váº¥n thÃªm liá»‡u trÃ¬nh trá»‹ thÃ¢m tÃ­m quáº§ng máº¯t áº¡	1
em mong nháº­n Ä‘Æ°á»£c quÃ  cá»§a bÃ¡c sÄ© áº¡ â™¥ï¸â™¥ï¸	1
Mong nháº­n Ä‘Æ°á»£c quÃ  táº·ng Ä‘iá»u trá»‹ nÃ¡m cá»§a Pensilia	1
chÃ o bÃ¡c Tháº£o	1
CÃ³ cáº§n Ä‘áº·t lá»‹ch trc k náº¿u á»Ÿ xa k bs Æ¡i	1
Má»¡ dÆ°á»›i da 2 bÃªn mÃ¡ thÃ¬ cÃ³ nhá»¯ng phÆ°Æ¡ng phÃ¡p xá»­ lÃ½ nÃ o áº¡ BS	1
Em thÃ¬ hay tiÃªm tan quáº§ng máº¯t bÃªn mÃ¬nh	1
â¤ï¸	1
C cho e há»i ngá»“i trong nhÃ  dÃ¹ng mÃ¡y tÃ­nh hay Ä‘iá»‡n thoáº¡i cÃ³ cáº§n bÃ´i kem chá»‘ng náº¯ng ko	1
Mong Ä‘Æ°á»£c nháº­n quÃ  táº·ng Ä‘iá»u trá»‹ nÃ¡m cá»§a Pensilia!	1
Mong nháº­n Ä‘Æ°á»£c  quÃ  cá»§a pensilia	1
Em  mong may máº¯n Ä‘uoc nháº­n xuat trá»‹ nÃ¡m	1
Xem full táº¡i: https://www.youtube.com/watch?v=pF4sIKRlM_Y&t=150s&ab_channel=PensiliaBeautyClinic	1
Hoang Truc	1
Sáº¹o vÃ  lÃ nh váº¿t thÆ°Æ¡ng lÃ  cÆ¡ sá»Ÿ quan trá»ng nháº¥t cá»§a tÃ¡i táº¡o, tháº©m má»¹ da!!!	1
"Laser Ä‘á»“ng Ä‘Ã£ Ä‘Æ°á»£c FDA chá»©ng nháº­n an toÃ n vÃ  hiá»‡u quáº£ : 
https://www.accessdata.fda.gov/cdrh_docs/pdf2/k023899.pdf"	1
"CÃ´ng nghá»‡ Laser Ä‘á»“ng Ã¡nh sÃ¡ng kÃ©p Ä‘Æ°á»£c FDA chá»©ng nháº­n:
- Äiá»u trá»‹ nÃ¡m, Ä‘á» da
- Äiá»u trá»‹ má»¥n
- Báº­t tÃ´ng da, tráº¯ng sÃ¡ng
- VÃ  cÃ¡c bá»‡nh lÃ½ vá» da
https://www.accessdata.fda.gov/cdrh_docs/pdf2/k023899.pdf"	1
PhÃ²ng khÃ¡m cho minh xin lá»‹ch bÃ¡c sÄ© nhÃ©, mÃ¬nh muon khÃ¡m da trÆ°á»›c ğŸ˜Š	1
CÃ³ chÆ°Æ¡ng trÃ¬nh khuyáº¿n mÃ£i nÃ o cá»§a laser Ä‘á»“ng ko áº¡	1
Xá»‹n xÃ² quÃ¡ ğŸ‰ğŸ‰ğŸ‰	1
Hay quÃ¡ bs Tháº£o Æ¡i	1
Hay quÃ¡ ğŸ˜€ğŸ˜€ğŸ˜€ğŸ˜€ğŸ˜€ğŸ˜€â¤â¤â¤â¤â¤â¤â¤â¤â¤â¤â¤â¤â¤â¤â¤â¤ğŸ˜€ğŸ˜€ğŸ˜€ğŸ˜€ğŸ˜€ğŸ˜€ğŸ˜€ğŸ˜€ğŸ˜€ğŸ˜€ğŸ˜ğŸ˜ğŸ˜š	1
Npp.	1
Má»¥n Ä‘áº§u Ä‘en, má»¥n cÃ¡m trá»‹ nhÆ° tháº¿ nÃ o váº­y áº¡	1
Fan cá»©ng nÃ¨ BS	1
"CÃ´ng nghá»‡ Ä‘Ã¨n Led sinh há»c hiá»‡n Ä‘áº¡i Ä‘Æ°á»£c FDA kiá»ƒm chá»©ng an toÃ n vÃ  hiá»‡u quáº£: 
https://www.accessdata.fda.gov/cdrh_docs/pdf11/K113668.pdf"	1
Tuyá»‡t vá»i	1
Hay quÃ¡ bs Æ¡i. Bs Tháº£o lÃ  tuyá»‡t vá»i nháº¥t.	1
haha,HÃ¹ng Æ¡i lÃ  H	1
QuÃ¡ chuáº©n luÃ´n kinh nghiá»‡m cá»§a em bÃ¡n hÃ ng vÃ  trá»‹ má»¥n cho khÃ¡ch cÅ©ng váº­y	1
ğŸ˜ğŸ˜ğŸ˜	1
Huy VÃµ	1
"Há»† THá»NG PHÃ’NG KHÃM DA LIá»„U THáº¨M Má»¸ ğ—£ğ—˜ğ—¡ğ—¦ğ—œğ—Ÿğ—œğ—”
ğŸ€ Chi nhÃ¡nh Tp. Há»“ ChÃ­ Minh: 413 - 415 Nguyá»…n ÄÃ¬nh Chiá»ƒu, P.5, Quáº­n 3, Tp.HCM.
â– Hotline: 0924.777.885
ğŸ€ Chi nhÃ¡nh Äá»“ng Nai: Táº§ng lá»­ng TTC Plaza 53-55 VÃµ Thá»‹ SÃ¡u, Tp.BiÃªn HÃ²a, Äá»“ng Nai.
â– Hotline: 032.6666.247
ğŸ€ Chi nhÃ¡nh VÅ©ng TÃ u: 187 LÃª Lá»£i, P.Tháº¯ng NhÃ¬, Tp.VÅ©ng TÃ u, BÃ  Rá»‹a VÅ©ng TÃ u.
â– Hotline: 034.5555.247"	1
NhÃ¬n phÃ²ng khÃ¡m quÃ¡ Ä‘áº¹p quÃ¡ hoÃ nh trÃ¡ng bs Tháº£o.	1
"CÃ´ng nghá»‡ Laser Ä‘á»“ng Ã¡nh sÃ¡ng kÃ©p Ä‘Æ°á»£c FDA chá»©ng nháº­n:
- Äiá»u trá»‹ nÃ¡m, Ä‘á» da
- Äiá»u trá»‹ má»¥n
- Báº­t tÃ´ng da, tráº¯ng sÃ¡ng
- VÃ  cÃ¡c bá»‡nh lÃ½ vá» da
https://www.accessdata.fda.gov/cdrh_docs/pdf2/k023899.pdf"	1
Anh Ngo Do ck Ä‘i chá»› cÆ°á»i suÃ´ng váº­y AğŸ˜ƒ	1
Cháº¯c cÅ©ng á»•n á»•n Ä‘Ã³, vá» ngay nha chá»‹, giá»¯a thÃ¡ng 3 lÃ  ok nÃ¨	1
QuÃ¡ trá»i sÆ°á»›ng rá»“i chá»‹ Æ¡i. NhiÃªu Ä‘Ã¢y lÃ  dÆ° Ä‘áº¹p rá»“i chá»‹.	1
Vá» Viá»‡t Nam! Liá»n nha chá»‹ :)	1
VÃµ Má»¹ Hiá»‡p vÃ  Bs Nguyen Phuong Thao tÆ° váº¥n kÃ¬a	1
Cá»§a anh gá»­i lá»™n Ä‘Ã³ em. Anh thiáº¿t tha xin láº¡i Ä‘á»ƒ anh chuyá»ƒn cho Ä‘Ãºng chá»—, Ä‘Ãºng ngÃ y 8 thÃ¡ng 3. Äá»™i Æ¡n em!	1
Ká»³ nÃ y tiÃªn vÃ´ tk chá»‹ hÆ¡i nhiá»u rá»“i..chia cho e vá»›i hihi	1
Váº«n cÃ²n lÃ  em gÃ¡i tuyáº¿t mÃ  giÃ  gÃ¬ chá»‹, anh trai mÆ°a nÃ o ká»³ váº­y ğŸ˜†	1
Dáº¡ xá»‹n chá»‹ Thá»¥c Æ¡i	1
Tin zui Ã  nheng ğŸ˜Š	1
Anh trai xá»‹n!	1
Ngon rá»“i em kkkk	1
KÃ¨o thÆ¡m quÃ¡ chá»‹ Æ°i	1
CÃ³ anh trai ck tiá»n cho sÆ°á»›ng quÃ¡ kkk	1
QuÃ¡ tuyá»‡t vá»i chá»‹ oi	1
Anh nÃ o anh nÃ o mÃ¡ Dzá»›t cho lÃ m quen zá»›i kkk	1
!	1
BÃ i thuyáº¿t trÃ¬nh Ráº¥t hay vÃ  Ä‘Ãºng trong tÃ¢m	1
ğŸˆğŸˆğŸˆğŸˆ	1
...	1
2 bs xá»‹n sÃ² â¤ï¸â¤ï¸	1
ÄÃ£ cÃ³ táº¡i Pensilia BiÃªn HoÃ 	1
â¤ï¸â¤ï¸â¤ï¸â¤ï¸ğŸ‡±ğŸ‡¦ğŸ‡±ğŸ‡¦ğŸ‡±ğŸ‡¦ğŸ‡±ğŸ‡¦ğŸ‡±ğŸ‡¦	1
ğŸ‡®ğŸ‡¹	1
TiÃªm HA Ä‘c bao lÃ¢u áº¡ bs!	1
NhÃ¬n bs Tháº£o cÆ°á»i  dá»… thÆ°Æ¡ng quÃ¡ chá»«ng	1
Chuáº©n bá»‹ gáº·p bs rá»“iâ¤ï¸â¤ï¸â¤ï¸â¤ï¸	1
QuÃ¡ táº­n tÃ¢m luÃ´n chá»‹ Æ¡i	1
MyHien Nguyen	1
Yes chá»‹ nghe theo bs Tháº£o thÃ´i. VÃ  cháº¯c cÃ¡c chá»‹ em cÅ©ng váº­y	1
chá»‹ máº¹ vÃ o Ä‘Ã¢y mua vÃ  pass Ä‘á»“ cho bÃ© ráº» Ä‘áº¹p Há»˜I THANH LÃ XE Äáº¨Y Äá»’ CHO BÃ‰	1
cÃ´ng nghá»‡ Ä‘á»‰nh	1
Má»¡ nÃ y lÃ  nÃ³ tan luÃ´n hay lÃ  chá»‰ táº¡m thá»i áº¡? Náº¿u e Äƒn uá»‘ng ko Ä‘á»ƒ tÄƒng cÃ¢n thÃ¬ má»¡ cÃ³ quay láº¡i ko áº¡?	1
Hien Pham	1
DÆ°Æ¡ng Thá»‹ Yáº¿n	1
â¤ï¸â¤ï¸â¤ï¸â¤ï¸â¤ï¸	1
BÃ¡c siz Ä‘áº¹p quÃ¡ Ã 	1
Chá»‰ 4 lÃ­ do thÃ´i sao. DÃ¹ báº¡n siÃªng nÄƒng chÄƒm da cá»¡ nÃ o Ä‘i chÄƒng ná»¯a. Má»¹ pháº£i Ä‘áº¯t tiá»n Ä‘i ná»¯a nÃ³ cÅ©ng Ä‘á»• sÃ´ng Ä‘á»• biá»ƒn khi sá» tay lÃªn máº·t, khÃ´ng vá»‡ sinh sáº¡ch da vÃ  nÃ³ng trong ngÆ°á»i.	1
Tháº­t ra thÃ¬ Ä‘á»ƒ bung Ä‘x váº¿t sáº¹o nhÆ° tháº¿ nÃ y thÃ¬ laser co2 fractional 2 tia váº«n khÃ´ng Ä‘á»§. CÃ²n 1 cÃ´ng nghá»‡ káº¿t há»£p ná»¯a má»›i Ä‘á»§ nhÃ . CÃ´ng nghá»‡ gÃ¬ thÃ¬ giáº¥u nha. BÃ­ quyáº¿t mÃ  la lÃ ng Ä‘Ã¢u cÃ³ dc. Hihi. KhÃ´ng há» tiÃªm chÃ­ch gÃ¬ Ä‘Ã¢u nhÃ©	1
Giáº£m cÃ¢n nhanh	1
Giáº£m cÃ¢n an toÃ n	1
ğ•ğ•–ğ• ğ•– ğ•‹ğ•™á»§ ğ”»Ã¢ğ• ğ•ŸÃ¨ğŸ‘‰ rebrand.ly/quegfqc	1
ğ•ğ•–ğ• ğ•– ğ•‹ğ•™á»§ ğ”»Ã¢ğ• ğ•ŸÃ¨ğŸ‘‰ rebrand.ly/quegfqc	1
"ğŸ’— ÄikÃ­n.abcxyz6969.liÃªnhá»‡ğŸ’—Telegram:ğŸ‘‡
https://t.me/Hyen7279"	1
ğ•ğ•–ğ• ğ•– ğ•‹ğ•™á»§ ğ”»Ã¢ğ• ğ•ŸÃ¨ğŸ‘‰ rebrand.ly/vt1865s	1
Chá»‘t luon Chá»‹ Æ¡i cho Em theo !	1
Xá»‹n xÃ² quÃ¡	1
Em mÃª qÃ¡ mÃª ğŸ˜	1
LÃ m xong tráº» ra 10 tuá»•i nha bÃ¡c ğŸ¥°	1
Má»i ngÆ°á»i cÃ¹ng Ä‘Ã³n chá» káº¿t quáº£ nhÃ© ğŸ’ªğŸ»ğŸ’ªğŸ»ğŸ’ªğŸ»ğŸ’ªğŸ» ChÃ­nh chá»§ cÅ©ng nÃ´n nao láº¯m áº¡ ğŸ«¶ğŸ»	1
Wow	1
Z102 - PhÃ²ng khÃ¡m Da liá»…u Tháº©m má»¹  mua cÃ´ng nghá»‡ háº£ bs Tháº£o?	1
Tham kháº£o cÃ¡c chÆ°Æ¡ng trÃ¬nh Æ°u Ä‘Ã£i hiá»‡n cÃ³ táº¡i phÃ²ng khÃ¡m Pensilia: https://pensilia.com/chuong-trinh-uu-dai-dang-chac-khoe-da-tuoi-tre/	1
Tham kháº£o mua hÃ ng táº¡i Ä‘Ã¢y: https://dep24gio.vn/search?type=product&q=kh%E1%BA%A9u%20trang	1
Kháº©u trang nhÃ  Pen lÃ m mÃ¬nh thÃ­ch mÃª luÃ´n, khá»i lo náº¯ng nÃ³ng hay UV gÃ¬ háº¿t ğŸ¥°	1
CÃ³ kháº©u trang cá»§a nhÃ  #Pen thik ghÃª, ra Ä‘Æ°á»ng lÃ  pháº£i Ä‘eo nÃ¨ ko bá»‹ nÃ³ng máº·t ğŸ˜	1
Da Ä‘áº¹p ğŸ˜	1
ğŸŒŸ	1
10 Ä‘á»‰m khÃ´ng cÃ³ nhÆ°ng áº¡!	1
Hay quÃ¡ chá»‹ Æ¡i	1
"â¤ï¸ ChÃºc Báº¡n 1 NgÃ y Má»›i Tá»‘t LÃ nh VÃ  TrÃ n Äáº§y NÄƒng LÆ°á»£ng 
ğŸ’˜ Báº¡n Ä‘ang tÃ¬m kiáº¿m cÆ¡ há»™i viá»‡c lÃ m trong ngÃ nh Spa & TMV? 
ğŸ’‘ Náº¿u váº­y, hÃ£y tham gia ngay nhÃ³m Tuyá»ƒn Dá»¥ng Spa TMV âœ… trÃªn Facebook. 
ğŸ’¢ NÆ¡i Ä‘Ã¢y, báº¡n sáº½ tÃ¬m tháº¥y cÃ´ng viá»‡c phÃ¹ há»£p vá»›i báº£n thÃ¢n, cÅ©ng nhÆ° cÆ¡ há»™i há»c há»i, phÃ¡t triá»ƒn vÃ  thÄƒng tiáº¿n trong sá»± nghiá»‡p!
ğŸ‘‰ HÃ£y nhanh tay tham gia nhÃ³m Ä‘á»ƒ khÃ´ng bá» lá»¡ cÆ¡ há»™i 15:45:02
https://www.facebook.com/groups/tuyendungktv"	1
NhÃ¬n gÆ°Æ¡ng máº·t nhÃ¬n cÃ¡ch nÃ³i chuyá»‡n cá»§a bs Tháº£o ráº¥t tháº­t thÃ . KhÃ´ng giá»‘ng nhÆ° quáº£ng cÃ¡o	1
LÃ m cÃ¡i nÃ y chi phÃ­ cao ko bÃ¡c sÄ©	1
LÃ m 1 láº§n thu gá»n Ä‘c bn cm Bs	1
Co bi báº§m k c	1
Hiá»‡u quáº£ ko bÃ¡c Æ¡i..?	1
NÃ y mÃ¬nh lÃ m máº¥y láº§n má»›i dc váº­y BÃ¡c	1
Cáº­n cáº£nh hÃ¬nh áº£nh trÆ°á»›c vÃ  sau thá»±c hiá»‡n.	1
Cho em share nha chá»‹	1
Chuáº©n quÃ¡ chuáº©n luÃ´n BÃ¡c ğŸ¥°ğŸ¥°ğŸ¥°ğŸ¥°	1
â¤ï¸ğŸ¥°	1
â¤ï¸	1
cáº£m Æ¡n nÃ ng hoa háº­u nhÃ©	1
GG	1
Thá»© 3 chá»‹ lÃªn láº¥y nhÃ¢n má»¥n nhe	1
â¤ï¸â¤ï¸â¤ï¸â¤ï¸â¤ï¸	1
BÃ¡c Tháº£o cÃ³ ná»¥ cÆ°á»i toáº£ náº¯ng, lÃ m sÃ¡ng thÃªm chiáº¿c mÃ¡y xá»‹n xÃ²	1
Khuyáº¿n mÃ£i Ä‘áº¿n khi nÃ o c	1
Cho e xin chÆ°Æ¡ng trÃ¬nh mua 2 táº·ng 1 á»Ÿ chi nhÃ¡nh hcm vá»›i áº¡	1
ÄÄƒng VÃ¢n	1
hay quÃ¡ bs Æ¡i, thÃ¡ng 8 mÃ¬nh book cÃ¡i lá»‹ch báº¯n cho Ä‘áº¹p nhÃ©	1
Chi phÃ­ Thermage vÃ  tiÃªm HA chi phÃ­ lÃ  bao nhiÃªu váº­y bÃ¡c sÄ©	1
Nam giá»›i cÅ©ng lÃ£o hoÃ¡ da	1
Liá»‡u trÃ¬nh thÆ°á»ng kÃ©o dÃ i thá»i gian bao lÃ¢u BS Æ¡i	1
Awesome workğŸ‘	1
quÃ¡ hay bs Æ¡i!	1
ğŸ˜ğŸ˜ğŸ˜ğŸ˜	1
Ná»•i báº§n báº­t luÃ´n ğŸ¥°	1
Em cÃ³ khÃ´ng	1
Ship nÃ o	1
xinh ha	1
PenTalk sáº½ Ä‘Æ°á»£c phÃ¡t sÃ³ng má»—i thá»© 6 lÃºc 20h táº¡i: https://www.youtube.com/@PensiliaClinic	1
Nhá»¯ng ká»· niá»‡m khÃ³ quÃªn	1
10 Ä‘á»‰m khÃ´ng cÃ³ nhÆ°ng áº¡ â£	1
QuÃ¡ Ä‘á»‰nh luÃ´n !	1
2 bs dá»… thÆ°Æ¡ng	1
Em nÃ³i sao chá»© bá»¯a chá»‹ báº¯n Hifu Ä‘au tháº¥u trá»iğŸ˜¢	1
Ultra 4 rá»“i hÃ¡ :))	1
â­â­â­â­â­	1
ChÃºc má»«ng Chá»‹/Báº¡n cÃ³ tÃªn FB VÃµ Há»“ng Háº¡nh https://www.facebook.com/vohonghanh2010 lÃ  ngÆ°á»i may máº¯n nháº­n Ä‘Æ°á»£c quÃ  táº·ng lÃ  1 suáº¥t tiÃªm cáº¥p áº©m tá»« PK Pensilia nhÃ©. inbox page Ä‘á»ƒ lÃªn lá»‹ch háº¹n nÃ¨ â¤	1
ğŸ¥°ğŸ¥°ğŸ¥°ğŸ¥°ğŸ¥°	1
HÃ³ng nháº­n quÃ  ğŸ˜†	1
tÃ´i tháº¥y hÃ¬nh áº£nh BS PhÆ°Æ¡ng Tháº£o Ä‘Ã£ bá»‹ tÃªn lá»«a Ä‘áº£o post lÃªn Facebook  vá»›i  tÃªn Helen Kim Vuong vÃ  gá»­i Ä‘i kháº¯p nÆ¡i Ä‘á»ƒ scam ngÆ°á»i khÃ¡c. HÃ£y cáº©n tháº­n	1
ğŸ¥°â¤ï¸â¤ï¸â¤ï¸â¤ï¸	1
Mong nháº­n Ä‘Æ°á»£c quÃ  tá»« bs	1
Mong Ä‘Æ°á»£c nháº­n quÃ 	1
ğŸŒ¸	1
BÃ¡c cÃ³ cÄƒng chá»‰ mÅ©i ko áº¡?	1
Em ráº¥t mong Ä‘uoc nháº­n quÃ  tá»« bs áº¡	1
â¤ï¸â¤ï¸â¤ï¸	1
â¤ï¸â¤ï¸â¤ï¸â¤ï¸	1
chÃ o bs xinh Ä‘áº¹p	1
Mong Ä‘Æ°Æ¡c nhÃ¢n quÃ  tá»« bÃ¡c Tháº£o	1
Mong nháº­n Ä‘Æ°á»£c quÃ  tá»« bÃ¡c sÄ©	1
mong Ä‘Æ°á»£c nháº­n quÃ  tá»« bs	1
ráº¥t mong nháº­n Ä‘Æ°á»£c lá»™c tá»« bs áº¡l	1
ChÃ o bÃ¡c Tháº£o!	1
â¤ï¸	1
C chÆ°a bao giá» nháº­n Ä‘Æ°á»£c quÃ  tá»« nhÃ  Pensilia Ä‘áº¥y nha!	1
Em mong nháº­n Ä‘c quÃ  láº¯m áº¡ ğŸ˜˜ğŸ˜˜	1
xin lá»™c may máº¯n tá»« bs áº¡	1
E chÃ o bÃ¡c sÄ© áº¡	1
Em mong nháº­n Ä‘c quÃ  ğŸ’•ğŸ’•ğŸ¥°ğŸ¥°	1
mong nháº­n Ä‘Æ°á»£c quÃ  cá»§a bÃ¡c sÄ©	1
e ráº¥t mong nháº­n Ä‘Æ°á»£c quÃ  cá»§a bs	1
Mong Ä‘Æ°á»£c nháº­n quÃ  tá»« bÃ¡c sÄ©ğŸ¥°ğŸ¥°ğŸ¥°ğŸ¥°	1
Mong Ä‘Æ°á»£c nháº­n quÃ  tá»« bÃ¡c Tháº£o	1
Mong nháº­n Ä‘Æ°á»£c quÃ  tá»« bÃ¡c sÄ©.	1
Mong Ä‘Æ°á»£c nháº­n quÃ  tá»« BÃ¡c Sá»¹	1
Bs Æ¡i, láº¥y tay Ä‘á»ƒ cam focus nhÃ©	1
Em nghe cÃ³ liá»‡u trÃ¬nh Pen young thÃ¬ cÃ¡i nÃ y nhÆ° nÃ o ah	1
mong nháº­n quÃ  tá»« bs áº¡	1
may máº¯n Æ¡i hÃ£y gá»i tÃªn em 1 láº§n	1
Mong Ä‘c nháº­n quÃ  tá»« bÃ¡c sá»¹ ğŸ¥°ğŸ¥°ğŸ¥°ğŸ¥°	1
chá»‹ Æ¡i cÃ¡i Sylfirm khÃ¡c ntn vá»›i Potenza váº­y chá»‹	1
Sylfirm vá»›i Potenza khÃ¡c nhau ntn váº­y áº¡	1
Mong nháº­n Ä‘c quÃ  tráº» hoÃ¡ da cá»§a bs áº¡ğŸ¥°ğŸ¥°ğŸ¥°	1
E muá»‘n nháº­n qa ne bs oi.	1
E cÃ³  1miáº¿ng nÃ¡m trÃªn trÃ¡n pháº£i lÃ m sao bs	1
Nay táº·ng quÃ  gÃ¬ váº­y bsğŸ˜€	1
Chao bs	1
Mong Ä‘á»£i nháº­n Ä‘Æ°á»£c quÃ  tá»« bÃ¡c tháº£o	1
Mong Ä‘Æ°á»£c quÃ  cá»§a bÃ¡c sÄ© tháº£o áº¡	1
Tuyá»‡t vá»i, cáº£m Ä‘á»™ng	1
Dáº¡ em cÃ³ chÆ¡i vs chá»‹ nÃ y, mÃ  máº¥y nay em cá»© kÃªu chá»‰ lo tap trung tÃ­nh lÆ°Æ¡ng Ä‘i Ã¡ :)))	1
cÃ²n chÆ°Æ¡ng trÃ¬nh háº£ shop	1
LÃ³t dÃ©p hÃ³ng	1
HÃ³ng ğŸ˜ƒ	1
tuyet vá»i quÃ¡ dchi báº¡n Ä‘Ã¢u!	1
Tham kháº£o cÃ¡c sáº£n pháº©m kem chá»‘ng náº¯ng táº¡i https://dep24gio.vn/search?type=product&q=kem%20ch%E1%BB%91ng%20n%E1%BA%AFng	1
Chá»‹ nhá»› phÃ²ng khÃ¡m bs Tháº£o dá»¯ láº¯m luÃ´n rá»“i mÃ  chÆ°a qua dc	1
CÃ´ng nghÃªÌ£ xá»‹n xÃ² quÃ¡ BÃ¡c Æ¡i .	1
QuÃ¡ tuyá»‡t vá»i. Bs Tháº£o thiáº¿t trÃ¬nh quÃ¡ hay	1
â¤ï¸â¤ï¸â¤ï¸ğŸ˜˜	1
.	1
cÃ³ nhoe, gáº·p máº¥y chá»‹ boos bÃ¡n kem thiÃªn nhiÃªn, kem tháº£o dÆ°á»£c, kem trá»™n Ä‘á»™i lá»‘t ... lÃ  sáº¡ch 100%, hÃ­ hÃ­	1
BÃ¡c sÄ© dá»… thÆ°Æ¡ng quÃ¡	1
